{
  "objects": [
    {
      "name": "fire",
      "material": {
        "diffuse": [
          0.5,
          0.5,
          0.5
        ],
        "ambient": [
          0.10000000149011612,
          0.10000000149011612,
          0.10000000149011612
        ],
        "specular": [
          0.10000000149011612,
          0.10000000149011612,
          0.10000000149011612
        ],
        "n": 12,
        "alpha": 1,
        "shaderType": 2,
        "diffuseTexture": {
          "texture": {},
          "name": "craneIconTealInverse.png"
        },
        "normalTexture": {
          "texture": {},
          "name": "defaultNormal.jpg"
        }
      },
      "type": "mesh",
      "position": [
        0,
        0,
        0
      ],
      "scale": [
        1,
        1,
        1
      ],
      "rotation": [
        1,
        0,
        0,
        0,
        0,
        1,
        0,
        0,
        0,
        0,
        1,
        0,
        0,
        0,
        0,
        1
      ],
      "rotationEulers": {
        "x": 0,
        "y": 0,
        "z": 0
      },
      "parent": null,
      "model": null,
      "fileName": "fireC.obj"
    }
  ],
  "pointLights": [
    {
      "name": "test-light-0",
      "colour": [
        0.5,
        0.5,
        0.5
      ],
      "position": [
        0,
        4,
        0
      ],
      "strength": 5,
      "quadratic": 0.032,
      "linear": 0.09,
      "constant": 1,
      "nearPlane": 0.1,
      "farPlane": 1000,
      "shadow": false
    }
  ],
  "skyBoxOn": false,
  "skyBoxPath": "defaultSkybox",
  "sceneSettings": {
    "backgroundColor": [
      0,
      0,
      0
    ]
  },
  "camera": {
    "name": "Camera",
    "position": [
      4.789758682250977,
      8.782798767089844,
      -3.188960552215576
    ],
    "front": [
      -0.5478920936584473,
      -0.7197937965393066,
      0.42627590894699097
    ],
    "up": [
      0,
      1,
      0
    ],
    "yaw": 90,
    "pitch": 0,
    "roll": 0,
    "viewMatrix": {
      "0": -0.6140646934509277,
      "1": -0.5681010484695435,
      "2": 0.5478920936584473,
      "3": 0,
      "4": 7.28373549918615e-7,
      "5": 0.6941879391670227,
      "6": 0.7197937965393066,
      "7": 0,
      "8": -0.789255678653717,
      "9": 0.4420003592967987,
      "10": -0.42627590894699097,
      "11": 0,
      "12": 0.42431002855300903,
      "13": -1.9663242101669312,
      "14": -10.305452346801758,
      "15": 1
    },
    "moveSpeed": 5,
    "sensitivity": 0.009
  }
}